{"cameraMode":{"drawMode":0,"name":"Shaded","section":"Shading Mode"},"sceneLighting":true,"audioPlay":false,"sceneViewState":{"m_AlwaysRefresh":false,"showFog":true,"showSkybox":true,"showFlares":true,"showImageEffects":true,"showParticleSystems":true,"showVisualEffectGraphs":true,"m_FxEnabled":true},"in2DMode":false,"pivot":{"x":0.8825128674507141,"y":-0.005883616860955954,"z":-0.5274790525436401},"rotation":{"x":0.04323730245232582,"y":0.6018198728561401,"z":-0.03281204402446747,"w":0.7969020009040833},"size":0.44780799746513369,"orthographic":true}