{"cameraMode":{"drawMode":0,"name":"Shaded","section":"Shading Mode"},"sceneLighting":false,"audioPlay":false,"sceneViewState":{"m_AlwaysRefresh":false,"showFog":true,"showSkybox":false,"showFlares":true,"showImageEffects":true,"showParticleSystems":true,"showVisualEffectGraphs":true,"m_FxEnabled":true},"in2DMode":false,"pivot":{"x":2.9802322387695315e-8,"y":0.04679161310195923,"z":-0.011744095012545586},"rotation":{"x":-0.20404483377933503,"y":0.010857703164219857,"z":-0.00226827641017735,"w":-0.9789040684700012},"size":0.09715106338262558,"orthographic":true}